GARCIA;0,035196
FERNANDEZ;0,022057
GONZALEZ;0,021996
RODRIGUEZ;0,021852
LOPEZ;0,020703
MARTINEZ;0,019841
SANCHEZ;0,019415
PEREZ;0,018509
MARTIN;0,011800
GOMEZ;0,011632
JIMENEZ;0,009240
RUIZ;0,008746
HERNANDEZ;0,008404
DIAZ;0,007932
MORENO;0,007579
ALVAREZ;0,006677
MUÑOZ;0,006667
ROMERO;0,005130
ALONSO;0,004790
GUTIERREZ;0,004544
NAVARRO;0,004257
TORRES;0,003841
DOMINGUEZ;0,003761
VAZQUEZ;0,003554
GIL;0,003363
RAMOS;0,003349
SERRANO;0,003159
BLANCO;0,002958
RAMIREZ;0,002944
MOLINA;0,002820
SUAREZ;0,002780
ORTEGA;0,002772
MORALES;0,002732
DELGADO;0,002721
CASTRO;0,002622
RUBIO;0,002516
ORTIZ;0,002428
MARIN;0,002381
SANZ;0,002276
IGLESIAS;0,002161
NUÑEZ;0,002067
GARRIDO;0,002050
CORTES;0,001965
MEDINA;0,001958
SANTOS;0,001915
LOZANO;0,001887
CASTILLO;0,001846
CANO;0,001833
GUERRERO;0,001821
PRIETO;0,001771
CALVO;0,001697
GALLEGO;0,001664
VIDAL;0,001645
MENDEZ;0,001623
MARQUEZ;0,001609
LEON;0,001569
CRUZ;0,001549
PEÑA;0,001547
DIEZ;0,001540
CAMPOS;0,001535
HERRERA;0,001514
CABRERA;0,001510
FUENTES;0,001499
VEGA;0,001494
CARRASCO;0,001488
NIETO;0,001436
CABALLERO;0,001423
FLORES;0,001411
PASCUAL;0,001408
HERRERO;0,001402
LORENZO;0,001358
AGUILAR;0,001328
SANTANA;0,001328
IBAÑEZ;0,001325
FERRER;0,001318
HIDALGO;0,001316
MONTERO;0,001313
GIMENEZ;0,001297
REYES;0,001278
VICENTE;0,001256
SANTIAGO;0,001251
DURAN;0,001245
CARMONA;0,001219
MORA;0,001205
CRESPO;0,001190
BENITEZ;0,001175
PASTOR;0,001163
ARIAS;0,001153
SAEZ;0,001140
SOLER;0,001105
VELASCO;0,001100
ROMAN;0,001096
ESTEBAN;0,001095
MOYA;0,001093
SOTO;0,001083
GALLARDO;0,001059
VARGAS;0,001046
PARRA;0,001041
PARDO;0,001030
BRAVO;0,001030
MERINO;0,001029
IZQUIERDO;0,000991
CASADO;0,000973
ESPINOSA;0,000969
REDONDO;0,000969
LARA;0,000960
REY;0,000952
ARROYO;0,000952
LUQUE;0,000941
RIVAS;0,000938
OTERO;0,000938
GALAN;0,000937
FRANCO;0,000936
MONTES;0,000920
CAMACHO;0,000913
SEGURA;0,000908
MARCOS;0,000907
SIERRA;0,000905
MARTI;0,000895
CARRILLO;0,000885
SORIANO;0,000876
VILA;0,000865
RIVERA;0,000864
VERA;0,000857
VALERO;0,000855
RIOS;0,000854
BERNAL;0,000848
ROBLES;0,000847
EXPOSITO;0,000845
ROJAS;0,000843
BENITO;0,000838
ANDRES;0,000832
VARELA;0,000809
PALACIOS;0,000808
BUENO;0,000803
ROLDAN;0,000800
HEREDIA;0,000795
VILLAR;0,000794
GUERRA;0,000794
MATEO;0,000792
MACIAS;0,000792
SILVA;0,000783
MATEOS;0,000776
ESCUDERO;0,000760
GUILLEN;0,000760
CASAS;0,000751
MENENDEZ;0,000749
CONTRERAS;0,000748
MENDOZA;0,000745
APARICIO;0,000742
AGUILERA;0,000727
ESTEVEZ;0,000726
GRACIA;0,000724
RICO;0,000721
MIRANDA;0,000710
GALVEZ;0,000708
ABAD;0,000706
BELTRAN;0,000705
RIVERO;0,000704
CONDE;0,000703
JURADO;0,000702
BLAZQUEZ;0,000701
PLAZA;0,000699
ARANDA;0,000690
QUINTANA;0,000687
PADILLA;0,000685
MIGUEL;0,000682
SALAS;0,000681
SANTAMARIA;0,000679
SERRA;0,000673
ROCA;0,000669
BERMUDEZ;0,000669
CUESTA;0,000666
MANZANO;0,000663
CALDERON;0,000661
TOMAS;0,000661
VILLANUEVA;0,000650
RUEDA;0,000646
DE LA FUENTE;0,000645
PONS;0,000640
SANCHO;0,000638
LAZARO;0,000638
COSTA;0,000637
DEL RIO;0,000633
TRUJILLO;0,000628
SIMON;0,000625
PEREIRA;0,000621
BLASCO;0,000621
MESA;0,000620
MILLAN;0,000616
ACOSTA;0,000608
HURTADO;0,000605
PACHECO;0,000604
AVILA;0,000604
SALVADOR;0,000602
BERMEJO;0,000600
ALARCON;0,000588
BALLESTEROS;0,000588
ZAMORA;0,000586
LUNA;0,000584
CASTAÑO;0,000581
GUZMAN;0,000580
VALVERDE;0,000575
ANTON;0,000570
LORENTE;0,000568
RODRIGO;0,000567
SALAZAR;0,000565
JUAN;0,000562
VALLE;0,000559
MAS;0,000557
COLLADO;0,000555
OLIVA;0,000553
BAUTISTA;0,000549
MARTOS;0,000548
ESCOBAR;0,000547
CORDERO;0,000544
POZO;0,000539
MARCO;0,000537
PONCE;0,000537
MALDONADO;0,000533
BARROSO;0,000531
QUESADA;0,000531
CUENCA;0,000530
ROS;0,000530
PAREDES;0,000529
DE LA TORRE;0,000528
GIMENO;0,000525
CORRAL;0,000519
PUIG;0,000518
CUEVAS;0,000515
CABELLO;0,000514
SAIZ;0,000513
MURILLO;0,000513
ROJO;0,000511
AGUADO;0,000511
PULIDO;0,000510
ALBA;0,000510
DE LA CRUZ;0,000510
BARRERA;0,000509
DOMINGO;0,000509
NAVAS;0,000506
ESCRIBANO;0,000506
ASENSIO;0,000504
ARENAS;0,000496
MONTOYA;0,000496
GALINDO;0,000494
SORIA;0,000492
CARO;0,000489
POLO;0,000489
RAMON;0,000488
MENA;0,000484
VALLEJO;0,000482
LUCAS;0,000481
MATA;0,000479
ORDOÑEZ;0,000479
REINA;0,000477
AMADOR;0,000473
LINARES;0,000466
NARANJO;0,000461
CARRETERO;0,000460
LEAL;0,000454
VILLALBA;0,000450
OLIVER;0,000448
MORAN;0,000444
ROIG;0,000443
PAZ;0,000442
OJEDA;0,000441
ARAGON;0,000437
CLEMENTE;0,000434
BURGOS;0,000433
HERNANDO;0,000432
CASTELLANO;0,000431
ANDREU;0,000430
AGUIRRE;0,000426
CORDOBA;0,000419
COBO;0,000418
BONILLA;0,000417
CALERO;0,000417
CARRERA;0,000417
CARRION;0,000417
DOMENECH;0,000415
SOLA;0,000413
LLORENTE;0,000412
ALCARAZ;0,000411
VILLA;0,000410
ROSA;0,000409
MORAL;0,000409
RIERA;0,000408
JUAREZ;0,000404
VALENCIA;0,000399
CARBONELL;0,000397
ARRIBAS;0,000397
CHACON;0,000397
VELA;0,000396
VELAZQUEZ;0,000395
REQUENA;0,000392
FONT;0,000390
SEVILLA;0,000389
PIÑEIRO;0,000388
TOLEDO;0,000386
ESTEVE;0,000385
SOSA;0,000383
MOHAMED;0,000382
SALGADO;0,000382
LUIS;0,000382
CARBALLO;0,000380
PELAEZ;0,000380
ALFONSO;0,000379
GRAU;0,000376
OLIVARES;0,000376
BOSCH;0,000374
SAAVEDRA;0,000373
CACERES;0,000371
PRADO;0,000371
CID;0,000369
BALLESTER;0,000368
CASTILLA;0,000368
PEREA;0,000367
VILLEGAS;0,000365
SANCHIS;0,000365
CARDENAS;0,000360
PALOMO;0,000359
CANTERO;0,000359
BARRIOS;0,000358
MARRERO;0,000357
MIRALLES;0,000356
BAENA;0,000356
SOLIS;0,000355
HERRANZ;0,000354
NICOLAS;0,000354
LAGO;0,000353
SALA;0,000352
BELMONTE;0,000351
ARRANZ;0,000351
RECIO;0,000349
CASANOVA;0,000348
CORREA;0,000348
ZAPATA;0,000348
MUÑIZ;0,000347
DE LA ROSA;0,000347
PORRAS;0,000345
COLL;0,000344
BARBA;0,000339
BARREIRO;0,000339
COBOS;0,000339
CUADRADO;0,000338
RINCON;0,000338
CERVERA;0,000337
PINO;0,000336
VAQUERO;0,000335
SALINAS;0,000334
AREVALO;0,000330
MARQUES;0,000330
AYALA;0,000330
CABEZAS;0,000330
PUENTE;0,000329
MADRID;0,000328
PUJOL;0,000327
VENTURA;0,000327
QUINTERO;0,000327
PINEDA;0,000326
OCAÑA;0,000326
PALMA;0,000326
VALLS;0,000323
GRANADOS;0,000320
LATORRE;0,000317
LOSADA;0,000316
ROVIRA;0,000316
GAMEZ;0,000315
NAVARRETE;0,000315
EGEA;0,000314
MEJIAS;0,000314
SASTRE;0,000314
BELLO;0,000313
ANGULO;0,000313
FRAILE;0,000311
CEBRIAN;0,000311
ALFARO;0,000309
CATALAN;0,000308
CAMPO;0,000306
CEREZO;0,000306
AZNAR;0,000305
BARRAGAN;0,000305
BORREGO;0,000305
RUANO;0,000305
MORCILLO;0,000304
BARBERO;0,000303
BECERRA;0,000303
FERREIRO;0,000303
SOLE;0,000303
FALCON;0,000303
PINTO;0,000303
GUIJARRO;0,000303
HUERTAS;0,000303
ARJONA;0,000302
CASTELLANOS;0,000299
CORRALES;0,000299
PEINADO;0,000296
VERGARA;0,000296
DEL VALLE;0,000295
CANOVAS;0,000295
PAVON;0,000295
ROMERA;0,000294
MELERO;0,000294
ALCAIDE;0,000294
SAINZ;0,000293
CARDONA;0,000293
CAMARA;0,000292
SEGOVIA;0,000292
OCHOA;0,000292
ARIZA;0,000292
ALCANTARA;0,000290
AGUDO;0,000290
TEJERO;0,000290
ROYO;0,000290
LLAMAS;0,000290
BARRIO;0,000289
LOBATO;0,000288
GONZALO;0,000287
REAL;0,000286
JORGE;0,000285
TAPIA;0,000285
CRIADO;0,000284
VELEZ;0,000284
MORILLO;0,000283
ESPEJO;0,000283
GORDILLO;0,000282
GALVAN;0,000281
TIRADO;0,000281
GODOY;0,000280
VALENZUELA;0,000280
GRANDE;0,000279
ESTRADA;0,000279
CALLEJA;0,000278
FAJARDO;0,000277
DORADO;0,000276
PLA;0,000275
DE MIGUEL;0,000274
MOYANO;0,000273
TORO;0,000272
PORTILLO;0,000271
TENA;0,000271
PERALTA;0,000271
ALCAZAR;0,000271
HUERTA;0,000270
VALDES;0,000270
CHAMORRO;0,000270
ALCALDE;0,000269
FRIAS;0,000268
DEL POZO;0,000267
ALCALA;0,000267
FERRERO;0,000266
LLORENS;0,000266
VIVES;0,000265
FREIRE;0,000265
PIZARRO;0,000265
CARVAJAL;0,000264
PAZOS;0,000264
HERAS;0,000264
LAFUENTE;0,000264
BONET;0,000264
REBOLLO;0,000264
ROSADO;0,000263
BARTOLOME;0,000260
OLMEDO;0,000260
SAENZ;0,000260
PENA;0,000259
MATEU;0,000258
AVILES;0,000257
OLMO;0,000257
DAVILA;0,000257
HERVAS;0,000256
PIÑERO;0,000256
BARRANCO;0,000255
DUQUE;0,000255
ABELLAN;0,000255
SOLANO;0,000255
NOGUERA;0,000254
VALLES;0,000254
PANIAGUA;0,000254
GINER;0,000253
QUIROS;0,000253
POVEDA;0,000252
ROSALES;0,000252
BORRAS;0,000252
CABEZA;0,000252
LLOPIS;0,000252
CHAVES;0,000252
SOUTO;0,000251
SALGUERO;0,000251
BARCELO;0,000248
BILBAO;0,000248
VALIENTE;0,000248
MELLADO;0,000247
HARO;0,000247
AMAYA;0,000247
FUERTES;0,000246
PALOMARES;0,000245
MOLERO;0,000245
YAÑEZ;0,000244
MIRA;0,000244
RIBAS;0,000244
LAGUNA;0,000244
GARZON;0,000243
SERNA;0,000243
SALCEDO;0,000242
CASTELLO;0,000242
OSUNA;0,000242
SAN JOSE;0,000241
MAESTRE;0,000240
MOSQUERA;0,000240
PAEZ;0,000238
PRATS;0,000238
DEL CASTILLO;0,000238
MONTESINOS;0,000235
ZAFRA;0,000235
DEL PINO;0,000235
PALOMINO;0,000235
MINGUEZ;0,000235
DUARTE;0,000235
GARCES;0,000233
AFONSO;0,000233
PUERTAS;0,000233
BAEZA;0,000233
GASCON;0,000233
BELLIDO;0,000232
CARREÑO;0,000232
BORJA;0,000231
CARRERAS;0,000231
FIGUEROA;0,000230
LUENGO;0,000230
SEBASTIAN;0,000230
FERREIRA;0,000230
PERIS;0,000230
FELIPE;0,000230
PERALES;0,000228
ARCE;0,000228
JAEN;0,000228
VILCHEZ;0,000228
OLMOS;0,000228
ZARAGOZA;0,000228
PAREJA;0,000227
MONTORO;0,000227
VIZCAINO;0,000227
CAMPILLO;0,000226
URBANO;0,000226
GAGO;0,000226
BRITO;0,000223
CASAL;0,000223
MURCIA;0,000222
CALLE;0,000222
BAÑOS;0,000221
FUSTER;0,000221
CEBALLOS;0,000220
MONGE;0,000220
SOBRINO;0,000220
NADAL;0,000220
TEJEDOR;0,000220
SANJUAN;0,000219
VILAR;0,000219
CAÑAS;0,000219
ARCOS;0,000219
ALEGRE;0,000218
VALERA;0,000217
SEOANE;0,000216
FERRE;0,000216
LEIVA;0,000215
ARAUJO;0,000214
CAZORLA;0,000214
PALLARES;0,000214
DE CASTRO;0,000213
CONESA;0,000213
VERDU;0,000212
SALMERON;0,000212
RIPOLL;0,000211
FERRANDO;0,000211
MARI;0,000211
BAREA;0,000209
CASTAÑEDA;0,000209
TEJADA;0,000209
CATALA;0,000208
CLIMENT;0,000208
VEIGA;0,000207
TORTOSA;0,000207
DEL CAMPO;0,000207
OROZCO;0,000207
MAYOR;0,000207
LEDESMA;0,000206
FRAGA;0,000206
AYUSO;0,000206
ENRIQUEZ;0,000205
BARRERO;0,000205
JEREZ;0,000205
PRADOS;0,000205
TELLO;0,000205
MORO;0,000205
AMOROS;0,000204
BUSTOS;0,000203
DIEGUEZ;0,000203
ARMAS;0,000202
PRADA;0,000201
SAN MARTIN;0,000201
TABOADA;0,000201
ABRIL;0,000200
LOBO;0,000200
PEÑALVER;0,000200
MANSO;0,000199
ALVARO;0,000199
YUSTE;0,000199
MONTIEL;0,000198
MAROTO;0,000198
GALERA;0,000198
PADRON;0,000197
BERENGUER;0,000197
MORON;0,000197
ZABALA;0,000196
MAYA;0,000195
ZAMBRANO;0,000195
JORDAN;0,000195
MIRO;0,000194
DEL OLMO;0,000194
ATIENZA;0,000194
CERDA;0,000194
VIÑAS;0,000193
ALBERT;0,000193
BUSTAMANTE;0,000193
MIGUEZ;0,000193
DIEGO;0,000193
VILLAVERDE;0,000193
PEDROSA;0,000192
ALEMAN;0,000192
SAMPEDRO;0,000192
PINILLA;0,000192
BEJARANO;0,000190
LUCENA;0,000190
SARMIENTO;0,000190
TERUEL;0,000190
VILLENA;0,000189
INFANTE;0,000189
ACEVEDO;0,000189
ANDRADE;0,000188
RAYA;0,000188
UBEDA;0,000187
NOGALES;0,000187
MANZANARES;0,000187
OSORIO;0,000187
ALMAGRO;0,000187
SEVILLANO;0,000185
ARES;0,000185
DUEÑAS;0,000185
ECHEVARRIA;0,000185
CHECA;0,000184
ACEDO;0,000184
NOVOA;0,000184
DE LAS HERAS;0,000184
TAMAYO;0,000184
MANRIQUE;0,000183
MOTA;0,000183
INIESTA;0,000183
MORILLAS;0,000183
HERREROS;0,000183
ECHEVERRIA;0,000183
DE DIEGO;0,000182
ORTUÑO;0,000182
MACIA;0,000182
FRANCES;0,000182
BARROS;0,000182
TRIGO;0,000182
CAPARROS;0,000182
ALVARADO;0,000182
DE LEON;0,000181
HERMIDA;0,000181
BALAGUER;0,000181
MATAS;0,000181
PUERTO;0,000180
SEGARRA;0,000180
CANALES;0,000180
ROBLEDO;0,000180
RIBERA;0,000180
PRAT;0,000178
TORRE;0,000178
GRANADO;0,000178
PERAL;0,000177
JARA;0,000177
ESPADA;0,000177
ESPAÑA;0,000177
CUBERO;0,000176
ZAMORANO;0,000176
BERNABE;0,000176
MERCHAN;0,000176
BARBERA;0,000175
CIFUENTES;0,000175
LUJAN;0,000175
BERNABEU;0,000175
ARTEAGA;0,000175
PINA;0,000174
PEIRO;0,000174
MOLINERO;0,000174
TALAVERA;0,000174
FRANCISCO;0,000174
MAYO;0,000173
CARRO;0,000173
BADIA;0,000173
TOME;0,000173
MEDRANO;0,000173
BAEZ;0,000172
PUERTA;0,000172
LLORET;0,000172
LAMAS;0,000172
MARTORELL;0,000172
PATIÑO;0,000172
BOIX;0,000171
BUENDIA;0,000171
MARIÑO;0,000171
RODENAS;0,000171
TORIBIO;0,000171
SAURA;0,000171
PARRILLA;0,000169
SANMARTIN;0,000169
QUEVEDO;0,000169
BOLAÑOS;0,000169
MELIAN;0,000169
MAYORAL;0,000169
CAMPS;0,000169
MONTILLA;0,000168
MONZON;0,000168
TELLEZ;0,000168
PIQUERAS;0,000167
COSTAS;0,000167
QUILES;0,000166
ORELLANA;0,000166
FIDALGO;0,000166
ENCINAS;0,000165
PLANAS;0,000165
REVUELTA;0,000165
CORONADO;0,000165
PERDOMO;0,000164
PICAZO;0,000164
GOÑI;0,000163
MARISCAL;0,000162
GAMERO;0,000162
MIR;0,000162
SANDOVAL;0,000162
ARANA;0,000162
CAÑADAS;0,000161
PALACIO;0,000161
CARRERO;0,000161
FUENTE;0,000160
ALMEIDA;0,000160
RIAL;0,000160
GORDO;0,000160
PALAU;0,000159
FARIÑA;0,000159
CERVANTES;0,000159
CAÑETE;0,000159
SABATER;0,000159
SOLANA;0,000159
TORREGROSA;0,000159
VIVAS;0,000159
CODINA;0,000158
SALES;0,000158
MESTRE;0,000158
ARNAU;0,000158
FRUTOS;0,000158
ANDUJAR;0,000157
CARRASCOSA;0,000157
ALAMO;0,000157
ROCHA;0,000157
AMOR;0,000156
BATISTA;0,000156
GUISADO;0,000156
SEGUI;0,000156
BOTELLA;0,000156
TOVAR;0,000156
NOVO;0,000155
VALDIVIA;0,000155
PERERA;0,000155
ADAN;0,000155
MELENDEZ;0,000155
UREÑA;0,000154
ANTOLIN;0,000154
ROMO;0,000154
RIBES;0,000154
AMORES;0,000153
PEDRAZA;0,000153
HINOJOSA;0,000153
FARRE;0,000153
CALATAYUD;0,000153
VILCHES;0,000152
DE DIOS;0,000152
NEVADO;0,000152
PICO;0,000152
HERRAIZ;0,000152
IBARRA;0,000152
TOLEDANO;0,000152
PELLICER;0,000152
VEGAS;0,000152
PAREJO;0,000151
HERMOSO;0,000151
CHICO;0,000150
JIMENO;0,000150
PALAZON;0,000150
COCA;0,000150
REVILLA;0,000150
RAMIRO;0,000150
TORRALBA;0,000149
CAAMAÑO;0,000149
QUERO;0,000149
ALEMANY;0,000149
LABRADOR;0,000149
YAGUE;0,000149
BELDA;0,000149
DEL MORAL;0,000148
SEMPERE;0,000148
MACHADO;0,000148
VICO;0,000148
RIQUELME;0,000148
ELVIRA;0,000147
SACRISTAN;0,000147
SEPULVEDA;0,000147
GUARDIOLA;0,000147
COMAS;0,000147
CORDON;0,000146
CANTOS;0,000146
GIRON;0,000146
ROSELL;0,000146
GUIRADO;0,000146
POSTIGO;0,000146
COLOMER;0,000146
LEMA;0,000145
CAPDEVILA;0,000145
VERDUGO;0,000145
MOREIRA;0,000145
DE LOS SANTOS;0,000145
LORA;0,000145
VIERA;0,000145
ARELLANO;0,000144
GALIANO;0,000144
ANTUNEZ;0,000144
MEGIAS;0,000144
PARADA;0,000144
ARNAIZ;0,000144
CANTO;0,000144
SANS;0,000143
RIO;0,000143
JAIME;0,000143
NIEVES;0,000143
ROSELLO;0,000143
URIARTE;0,000143
ZURITA;0,000143
SILVESTRE;0,000143
PERELLO;0,000142
NEIRA;0,000142
GISBERT;0,000142
CAÑIZARES;0,000142
FIGUERAS;0,000141
BERROCAL;0,000141
CABANILLAS;0,000141
CENTENO;0,000140
GILABERT;0,000140
CRISTOBAL;0,000140
TRILLO;0,000140
MONTAÑO;0,000139
MANSILLA;0,000139
ACUÑA;0,000139
FEIJOO;0,000139
GABARRI;0,000138
MAÑAS;0,000138
CERDAN;0,000138
AROCA;0,000138
MONTEAGUDO;0,000137
SAN JUAN;0,000137
TUDELA;0,000137
GARRIGA;0,000137
REIG;0,000137
CAMPOY;0,000136
SECO;0,000136
AMAT;0,000136
MESEGUER;0,000136
PIÑA;0,000135
NARVAEZ;0,000135
MERA;0,000135
PORTELA;0,000135
ESPIN;0,000134
TORREJON;0,000134
HOLGADO;0,000133
JULIAN;0,000133
MORILLA;0,000133
AMADO;0,000133
CASTELLS;0,000133
ALIAGA;0,000132
BASTIDA;0,000132
SAN MIGUEL;0,000132
CAMINO;0,000132
TEJERA;0,000131
VALCARCEL;0,000131
CHAVEZ;0,000131
BETANCOR;0,000130
SAMPER;0,000130
JULIA;0,000130
MAZA;0,000130
MARMOL;0,000130
CASALS;0,000130
MORERA;0,000130
QUIROGA;0,000130
GUIRAO;0,000129
BENAVIDES;0,000129
ESPINO;0,000129
CHAPARRO;0,000128
MURIEL;0,000128
LILLO;0,000127
LLANOS;0,000127
BENAVENTE;0,000127
JARAMILLO;0,000127
FLORIDO;0,000127
RUZ;0,000126
PLASENCIA;0,000126
CUELLAR;0,000126
HOYOS;0,000126
JORDA;0,000126
DE HARO;0,000126
PARIS;0,000126
MORATO;0,000126
TUR;0,000125
CALZADA;0,000125
PUEYO;0,000125
QUIÑONES;0,000124
CORNEJO;0,000124
RECHE;0,000124
CASARES;0,000124
GAVILAN;0,000124
DE LA IGLESIA;0,000124
JOVER;0,000124
PEREDA;0,000124
HIGUERAS;0,000124
PAJARES;0,000123
CONEJO;0,000123
VERDEJO;0,000123
FERRERA;0,000123
CABRERO;0,000123
CASERO;0,000123
DORTA;0,000123
RIUS;0,000122
VARA;0,000122
FONSECA;0,000122
AGULLO;0,000122
DEL AMO;0,000122
MATO;0,000121
DE LA PEÑA;0,000121
LORCA;0,000121
CERRO;0,000121
LLORCA;0,000121
CESPEDES;0,000121
CARPIO;0,000121
CUETO;0,000121
DENIZ;0,000121
SALDAÑA;0,000120
ROPERO;0,000120
UGARTE;0,000120
BENAVENT;0,000120
ASENJO;0,000120
SOUSA;0,000120
FLOREZ;0,000120
PALOMAR;0,000120
MAESTRO;0,000120
CASANOVAS;0,000120
ARAGONES;0,000120
SIMO;0,000120
PAGES;0,000119
ALBALADEJO;0,000119
BAYON;0,000119
ANAYA;0,000119
CANDELA;0,000119
BARRIENTOS;0,000119
MONTENEGRO;0,000119
GASPAR;0,000119
BERNARDO;0,000118
SALAMANCA;0,000118
GOMIS;0,000118
LARREA;0,000118
CARRANZA;0,000118
CORBACHO;0,000118
FERRANDEZ;0,000117
VILANOVA;0,000117
TORRADO;0,000117
ESPINAR;0,000117
VADILLO;0,000117
URRUTIA;0,000117
VALDERRAMA;0,000117
HIERRO;0,000117
CABO;0,000117
MERIDA;0,000117
GARMENDIA;0,000117
SABATE;0,000117
SALIDO;0,000116
NOGUEIRA;0,000116
CAPILLA;0,000116
ELIAS;0,000116
MONJE;0,000116
CHICA;0,000116
TORMO;0,000116
BOU;0,000116
TORRENT;0,000115
MONTALBAN;0,000115
DE LA VEGA;0,000115
ESPARZA;0,000115
LARRAÑAGA;0,000115
MONTALVO;0,000115
RAMA;0,000115
POZA;0,000115
ANGUITA;0,000115
PUGA;0,000115
OVIEDO;0,000115
GIRALDO;0,000115
DE LA CALLE;0,000115
MARTEL;0,000115
ARRIETA;0,000114
MIQUEL;0,000114
AHMED;0,000114
AYLLON;0,000114
VAL;0,000114
DE PABLO;0,000114
DE ANDRES;0,000114
MONREAL;0,000114
PIÑOL;0,000113
MOLLA;0,000113
BUSTO;0,000113
CARPINTERO;0,000113
PORTERO;0,000113
PINTADO;0,000113
MEDIAVILLA;0,000113
MADRIGAL;0,000113
MANCEBO;0,000112
AMIGO;0,000112
PAYA;0,000112
QUINTANILLA;0,000112
CASTILLEJO;0,000112
DALMAU;0,000112
GIRALDEZ;0,000112
FERRERAS;0,000112
MATIAS;0,000111
BLANCH;0,000111
BLAS;0,000111
PORCEL;0,000111
RABADAN;0,000111
PORTA;0,000111
DONAIRE;0,000111
DA SILVA;0,000111
DONOSO;0,000111
MILAN;0,000111
GARROTE;0,000111
GREGORIO;0,000111
BARRIGA;0,000111
COMPANY;0,000111
OLIVERA;0,000111
CORTIJO;0,000111
CADENAS;0,000110
CASCALES;0,000110
ALBERDI;0,000110
IRIARTE;0,000110
PITA;0,000110
ANTEQUERA;0,000110
CAÑADA;0,000110
MELGAR;0,000110
GUARDIA;0,000109
ESCRIVA;0,000109
PICON;0,000109
MIGUELEZ;0,000109
ALBARRAN;0,000109
GEA;0,000109
MONTAÑES;0,000109
GINES;0,000109
RONCERO;0,000108
TERRON;0,000108
CARBAJO;0,000108
LLUCH;0,000108
JODAR;0,000108
COELLO;0,000108
RODA;0,000108
POZUELO;0,000108
VALENTIN;0,000108
DOS SANTOS;0,000107
REGUERA;0,000107
DE FRUTOS;0,000107
PELAYO;0,000107
ALMANSA;0,000107
GABARRE;0,000107
CUERVO;0,000107
BERTRAN;0,000107
MICO;0,000107
GALLO;0,000107
BERLANGA;0,000106
AGUERA;0,000106
DAZA;0,000106
TRIVIÑO;0,000106
PALMERO;0,000106
ZORRILLA;0,000106
ABREU;0,000106
BRIONES;0,000106
JUSTO;0,000106
PRIEGO;0,000105
SARABIA;0,000105
PUCHE;0,000105
REGUEIRO;0,000105
MORALEDA;0,000105
PEÑAS;0,000105
MONTESDEOCA;0,000105
ARCAS;0,000105
QUEROL;0,000104
VILLALOBOS;0,000104
GARAY;0,000104
TRIGUERO;0,000104
MURO;0,000104
ABELLA;0,000104
PLANA;0,000103
RAPOSO;0,000103
CARRACEDO;0,000103
MAQUEDA;0,000103
PORTO;0,000103
ANGEL;0,000103
CASTRILLO;0,000103
NORIEGA;0,000103
VACAS;0,000103
PANADERO;0,000103
GAZQUEZ;0,000103
GRANERO;0,000103
UTRERA;0,000102
MORELL;0,000102
BAYO;0,000102
ESCALANTE;0,000102
INFANTES;0,000102
MACHO;0,000101
CARAVACA;0,000101
CASTEJON;0,000101
MORANTE;0,000101
MANJON;0,000101
TORNERO;0,000101
CARBO;0,000101
MOLINER;0,000101
ALMAZAN;0,000101
POMARES;0,000101
PARRAGA;0,000101
CASTELL;0,000101
MILLA;0,000101
CLAVIJO;0,000101
ROCAMORA;0,000101
VILAS;0,000100
MULERO;0,000100
PRADAS;0,000100
DE PAZ;0,000100
ARREGUI;0,000100
GUEVARA;0,000100
CANTON;0,000100
SEDANO;0,000100
TEBAR;0,000100
MORGADO;0,000099
MERCADO;0,000099
ALCON;0,000099
AGUIAR;0,000099
ARGUELLES;0,000099
GANDIA;0,000099
BUITRAGO;0,000099
FORTES;0,000099
CISNEROS;0,000099
CABAÑAS;0,000099
MIRAS;0,000099
CUARTERO;0,000098
CALZADO;0,000098
CANALS;0,000098
SENDRA;0,000098
FABREGAT;0,000097
ARMENGOL;0,000097
TORRIJOS;0,000097
DE PEDRO;0,000097
VACA;0,000097
CONEJERO;0,000097
CANAL;0,000097
RIVEIRO;0,000097
PLATA;0,000097
MATOS;0,000097
LLEDO;0,000097
VILARIÑO;0,000096
PARRAS;0,000096
MACHIN;0,000096
LOUREIRO;0,000096
ESCALONA;0,000096
CERRATO;0,000096
MANGAS;0,000096
SILES;0,000096
COLOM;0,000096
ABASCAL;0,000096
CUTILLAS;0,000096
QUINTAS;0,000096
BARCO;0,000096
CAMPAÑA;0,000096
MONROY;0,000096
DURA;0,000096
RAMIS;0,000096
ASENCIO;0,000095
ROSILLO;0,000095
PEDRERO;0,000095
MENGUAL;0,000095
DEL BARRIO;0,000095
ALSINA;0,000095
MORATA;0,000095
CARDOSO;0,000095
OLLER;0,000095
COZAR;0,000095
CONCEPCION;0,000094
MARIA;0,000094
ESCAMILLA;0,000094
GRANDA;0,000094
BARON;0,000094
AMARO;0,000094
NEBOT;0,000094
ARTILES;0,000094
TENORIO;0,000094
BARRENA;0,000094
QUILEZ;0,000094
FONTAN;0,000094
CAMARERO;0,000094
CARNERO;0,000094
GALIANA;0,000094
TORRENTE;0,000094
PABLOS;0,000094
MONFORT;0,000094
NICOLAU;0,000094
JAUREGUI;0,000094
BARAHONA;0,000093
IÑIGUEZ;0,000093
SANABRIA;0,000093
SEIJAS;0,000093
DIZ;0,000093
CARABALLO;0,000093
HUGUET;0,000093
VIGO;0,000093
UCEDA;0,000093
PABLO;0,000093
ORTS;0,000093
VALLADARES;0,000093
BUSQUETS;0,000093
CASILLAS;0,000093
LAHOZ;0,000093
TORRECILLAS;0,000093
RUS;0,000093
CASES;0,000092
VARO;0,000092
MENESES;0,000092
ARNAL;0,000092
BEJAR;0,000092
DEVESA;0,000092
ARAMBURU;0,000092
GRAÑA;0,000092
SOTELO;0,000091
PARRADO;0,000091
FERRI;0,000091
SAN ROMAN;0,000091
CEPEDA;0,000091
BREA;0,000091
VIEJO;0,000091
LIMA;0,000091
ABADIA;0,000091
ZUÑIGA;0,000091
TORRECILLA;0,000091
VICENT;0,000090
ORTA;0,000090
AGUILA;0,000090
BARRETO;0,000090
CAYUELA;0,000090
IBORRA;0,000090
LAVADO;0,000090
LLANO;0,000090
LASO;0,000090
ZAMBRANA;0,000090
ALCOLEA;0,000090
AMO;0,000090
VENEGAS;0,000090
ROSSELLO;0,000090
VILLARREAL;0,000090
AGUAYO;0,000090
GONZALVEZ;0,000089
LANDA;0,000089
YANES;0,000089
BOLIVAR;0,000089
BARCIA;0,000089
LIEBANA;0,000089
FERRANDIZ;0,000089
VENDRELL;0,000089
MASIP;0,000089
ALGUACIL;0,000089
MEJIA;0,000089
DURO;0,000088
VALBUENA;0,000088
PEREIRO;0,000088
MUGICA;0,000088
ANDRADES;0,000088
FERRO;0,000088
IRANZO;0,000088
MOTOS;0,000088
ROMEO;0,000088
NUÑO;0,000088
MENDIZABAL;0,000088
BAS;0,000088
ARRABAL;0,000087
SIMARRO;0,000087
BLANES;0,000087
HIGUERA;0,000087
DE JUAN;0,000087
ARTIGAS;0,000087
DEL REY;0,000087
LASTRA;0,000087
LAGE;0,000087
COUTO;0,000087
MATILLA;0,000087
ANTELO;0,000087
ROMANO;0,000086
ROA;0,000086
ROZAS;0,000086
MOLL;0,000086
RUA;0,000086
VIVANCOS;0,000086
SELLES;0,000086
NAVALON;0,000086
FELIU;0,000086
ORTIGOSA;0,000086
TRINIDAD;0,000086
PARREÑO;0,000086
LLINARES;0,000086
CANET;0,000086
BARRAL;0,000086
CARREIRA;0,000086
EGIDO;0,000085
ARTERO;0,000085
NIÑO;0,000085
ESTEBANEZ;0,000085
BLANCA;0,000085
MARINA;0,000085
GADEA;0,000085
CORTINA;0,000085
ALBERO;0,000085
PANTOJA;0,000085
BAZAN;0,000085
HENRIQUEZ;0,000085
BARBOSA;0,000085
BAQUERO;0,000084
ROMEU;0,000084
DE BLAS;0,000084
FELIX;0,000084
BARQUERO;0,000084
LIÑAN;0,000084
MONDEJAR;0,000084
LASA;0,000084
MORENTE;0,000084
FRANCH;0,000084
POMBO;0,000084
OLIVEIRA;0,000084
MERCADER;0,000084
GUASCH;0,000084
BORRERO;0,000084
BELLON;0,000084
DEL VAL;0,000083
BERNAD;0,000083
PINTOR;0,000083
ROQUE;0,000083
ALMENDROS;0,000083
HUETE;0,000083
SABORIDO;0,000083
BARRIONUEVO;0,000083
CURTO;0,000083
DE LUCAS;0,000083
MONZO;0,000083
COTO;0,000083
CORREAS;0,000083
EDO;0,000083
ACERO;0,000083
ALLER;0,000083
BARREDA;0,000083
BALLESTA;0,000083
MULET;0,000082
TOLOSA;0,000082
MATAMOROS;0,000082
SOLERA;0,000082
TOSCANO;0,000082
PASTRANA;0,000082
CORCOLES;0,000082
TORRAS;0,000082
GOICOECHEA;0,000082
CURIEL;0,000082
BERNARDEZ;0,000082
POSADA;0,000082
HITA;0,000082
MATE;0,000082
FUNES;0,000082
PAGAN;0,000082
ARAQUE;0,000082
CLAVERO;0,000082
BARRACHINA;0,000082
GUILLEM;0,000081
COLMENERO;0,000081
CRUCES;0,000081
PITARCH;0,000081
FRESNEDA;0,000081
PINEDO;0,000081
SALADO;0,000081
PAJUELO;0,000081
OLEA;0,000081
PALENCIA;0,000081
URIBE;0,000081
ESPINA;0,000081
SOLSONA;0,000081
CALABUIG;0,000081
NEGRIN;0,000081
VIANA;0,000081
VICARIO;0,000081
REGALADO;0,000081
ROSAS;0,000081
ALGABA;0,000081
LLADO;0,000081
BAJO;0,000081
NOTARIO;0,000081
LAVIN;0,000081
CORBALAN;0,000081
MARCH;0,000081
OLTRA;0,000081
TERAN;0,000080
ACEITUNO;0,000080
ALBEROLA;0,000080
DE LOS REYES;0,000080
GALISTEO;0,000080
GIJON;0,000080
LOSA;0,000080
SIRVENT;0,000080
CALVENTE;0,000080
VICENS;0,000080
CURBELO;0,000080
VARONA;0,000080
ESCOLANO;0,000080
BORREGUERO;0,000080
VASQUEZ;0,000080
IZAGUIRRE;0,000080
REINOSO;0,000080
GABALDON;0,000080
CORPAS;0,000079
GUILLAMON;0,000079
BERTOMEU;0,000079
IÑIGO;0,000079
HERRAEZ;0,000079
NOYA;0,000079
QUINTELA;0,000079
SERRAT;0,000079
PATON;0,000079
REGO;0,000079
TERCERO;0,000079
BARRADO;0,000079
HUESO;0,000079
AZORIN;0,000079
CHINCHILLA;0,000079
CASTIÑEIRA;0,000078
POSE;0,000078
BORRELL;0,000078
ASENSI;0,000078
BAYONA;0,000078
CALLEJO;0,000078
YEPES;0,000078
DE LA HOZ;0,000078
HEVIA;0,000078
MAESO;0,000078
TRIGUEROS;0,000078
RODERO;0,000078
ARACIL;0,000078
MONEDERO;0,000077
MUR;0,000077
RANGEL;0,000077
PACHON;0,000077
TORTAJADA;0,000077
SOMOZA;0,000077
BATLLE;0,000077
VIVO;0,000077
AMENGUAL;0,000077
GARGALLO;0,000077
BAUZA;0,000077
GANDARA;0,000077
JAREÑO;0,000077
BARCENA;0,000077
MAGAN;0,000077
BARO;0,000077
CEJUDO;0,000076
HERNANZ;0,000076
POU;0,000076
TORRALBO;0,000076
TORAL;0,000076
MOURE;0,000076
CABRERIZO;0,000076
LLOP;0,000076
TAMARIT;0,000076
DEL TORO;0,000076
DEL CERRO;0,000076
PIQUER;0,000076
BERNAT;0,000076
AGUSTI;0,000076
VILLAESCUSA;0,000076
COMESAÑA;0,000076
PERONA;0,000076
BRENES;0,000076
ZARZA;0,000075
SEIJO;0,000075
REQUEJO;0,000075
FABRA;0,000075
PRADES;0,000075
MARCHENA;0,000075
LLACER;0,000075
BROTONS;0,000075
ZARCO;0,000075
PELEGRIN;0,000075
BALBOA;0,000075
CHAMIZO;0,000075
COLOMA;0,000075
GELABERT;0,000075
VALDIVIESO;0,000075
GASCO;0,000075
BOZA;0,000075
SAMANIEGO;0,000074
VELARDE;0,000074
LUMBRERAS;0,000074
GIRONA;0,000074
DEL HOYO;0,000074
PIEDRA;0,000074
CUADROS;0,000074
MANCERA;0,000074
ALCOCER;0,000074
DIOS;0,000074
CAÑELLAS;0,000074
ALEGRIA;0,000073
MALAGON;0,000073
ESTEPA;0,000073
MIÑANA;0,000073
SICILIA;0,000073
OLIVERAS;0,000073
LERMA;0,000073
MESAS;0,000073
MIRON;0,000073
MARQUINA;0,000073
VILALTA;0,000073
QUIJADA;0,000073
HERNAN;0,000073
ALVES;0,000073
CAO;0,000073
ARMENTEROS;0,000073
AZCONA;0,000073
BOUZAS;0,000072
GALDON;0,000072
ALCAÑIZ;0,000072
REVERTE;0,000072
BELENGUER;0,000072
MAGRO;0,000072
MONTSERRAT;0,000072
CIUDAD;0,000072
GAITAN;0,000072
PALACIN;0,000072
FABREGAS;0,000072
CANDEL;0,000072
CANOSA;0,000071
REGUEIRA;0,000071
BATALLA;0,000071
NOVILLO;0,000071
COLLANTES;0,000071
BERBEL;0,000071
ROURA;0,000071
PONT;0,000071
ESPI;0,000071
LEDO;0,000071
MALLO;0,000071
MOLANO;0,000071
PIERA;0,000071
UTRILLA;0,000071
GALDEANO;0,000071
CALLEJAS;0,000071
LARROSA;0,000071
HERMOSILLA;0,000071
ETXEBERRIA;0,000071
CAMARENA;0,000071
COLLAZO;0,000071
JOVE;0,000071
RICART;0,000071
MAYORDOMO;0,000071
LASHERAS;0,000070
CASTELLA;0,000070
IVARS;0,000070
MUNUERA;0,000070
TREJO;0,000070
MADUEÑO;0,000070
MORANT;0,000070
BENEDICTO;0,000070
VINUESA;0,000070
URIA;0,000070
ILLAN;0,000070
TRUEBA;0,000070
LABORDA;0,000070
PALLAS;0,000070
CEA;0,000070
TEIJEIRO;0,000070
ESCOLAR;0,000070
ADELL;0,000070
JUNQUERA;0,000070
CRUZADO;0,000070
FOLCH;0,000070
MUELA;0,000070
ORTIN;0,000069
ESCOBEDO;0,000069
VIÑA;0,000069
SALVADO;0,000069
TRONCOSO;0,000069
MARCHANTE;0,000069
GOMARIZ;0,000069
ENRIQUE;0,000069
PADIN;0,000069
BOLUDA;0,000069
CREMADES;0,000069
CORONA;0,000069
DARIAS;0,000069
ZABALETA;0,000069
BAZ;0,000069
ARANGUREN;0,000069
FORNES;0,000069
LLOBET;0,000069
ADAME;0,000069
TEROL;0,000069
LOPERA;0,000069
INSUA;0,000069
VILLALON;0,000069
ELORZA;0,000069
VILAPLANA;0,000069
BOUZA;0,000069
BOADA;0,000069
GAVIRA;0,000069
MAGDALENO;0,000068
LECHUGA;0,000068
ADROVER;0,000068
MARZO;0,000068
ZAPICO;0,000068
COROMINAS;0,000068
BERRIO;0,000068
VERDE;0,000068
HORTELANO;0,000068
GARATE;0,000068
CARRASCAL;0,000068
MULA;0,000068
GREGORI;0,000068
AGUSTIN;0,000068
FLOR;0,000068
FANDIÑO;0,000068
VARAS;0,000068
GOMILA;0,000068
GUAL;0,000067
SALVATIERRA;0,000067
TABARES;0,000067
MACHUCA;0,000067
ELENA;0,000067
CUBAS;0,000067
BONILLO;0,000067
RIOJA;0,000067
ARIÑO;0,000067
JUSTICIA;0,000067
CACHO;0,000067
CALVIÑO;0,000067
RUBIALES;0,000067
MONTAÑEZ;0,000067
DONCEL;0,000067
PUEBLA;0,000067
PALENZUELA;0,000067
ALMODOVAR;0,000067
CORONEL;0,000067
ARMERO;0,000067
NOGUES;0,000067
MOLINS;0,000067
MONSERRAT;0,000067
AGUERO;0,000067
RAYO;0,000066
PUENTES;0,000066
CLAVERIA;0,000066
CANTARERO;0,000066
ARNEDO;0,000066
SEBASTIA;0,000066
MESTRES;0,000066
LARIOS;0,000066
SALOM;0,000066
LLAMAZARES;0,000066
DOBLAS;0,000066
ILLESCAS;0,000065
EZQUERRA;0,000065
PRESA;0,000065
CARAZO;0,000065
MOSCOSO;0,000065
CUADRA;0,000065
OVEJERO;0,000065
CAPEL;0,000065
ORGAZ;0,000065
MORAGA;0,000065
MALO;0,000065
GAYA;0,000065
GALA;0,000065
JUEZ;0,000065
CRESPI;0,000065
ARREBOLA;0,000065
RIBA;0,000065
RIESCO;0,000065
TEIXIDO;0,000065
GONGORA;0,000064
MAYORGA;0,000064
VIGIL;0,000064
MAGAÑA;0,000064
PLATERO;0,000064
GRANELL;0,000064
TARIN;0,000064
ALEJO;0,000064
LEYVA;0,000064
CABALEIRO;0,000064
PAÑOS;0,000064
CAÑO;0,000064
RUBIA;0,000064
FEITO;0,000064
ARCO;0,000064
FARIÑAS;0,000064
FALCO;0,000064
VILLAREJO;0,000064
TEJEDA;0,000064
ORIHUELA;0,000064
TORRENS;0,000064
SUREDA;0,000064
BATALLER;0,000064
CUEVA;0,000064
ETXEBARRIA;0,000064
PEDREIRA;0,000063
BARRUL;0,000063
MELO;0,000063
BEL;0,000063
MARFIL;0,000063
URBINA;0,000063
CALVET;0,000063
MELCHOR;0,000063
POYATOS;0,000063
OLIVE;0,000063
CALLEJON;0,000063
CARCELES;0,000063
DOPICO;0,000063
ODRIOZOLA;0,000063
OBREGON;0,000063
CAVERO;0,000063
CASTELO;0,000063
VILLARROYA;0,000063
SESMA;0,000063
SILLERO;0,000063
AVALOS;0,000063
CAMARASA;0,000063
MOLTO;0,000063
DE LOS RIOS;0,000063
ZARATE;0,000063
CORREDERA;0,000063
ARMENDARIZ;0,000063
CORREDOR;0,000063
PERNAS;0,000063
PORTILLA;0,000062
LAMA;0,000062
OLALLA;0,000062
LANZA;0,000062
TORRICO;0,000062
ASTORGA;0,000062
RUFO;0,000062
MONTANER;0,000062
ZAPATERO;0,000062
BORGES;0,000062
COLAS;0,000062
POL;0,000062
CARRIL;0,000062
ALBARRACIN;0,000062
DOVAL;0,000062
TROYA;0,000062
OÑATE;0,000062
GIBERT;0,000062
LIGERO;0,000062
HUMANES;0,000062
GARRIGOS;0,000062
GALLEGOS;0,000062
JAUME;0,000062
CAVA;0,000062
ROSARIO;0,000062
GAMBOA;0,000062
LLABRES;0,000061
SANJURJO;0,000061
SANTAELLA;0,000061
GODINO;0,000061
MADARIAGA;0,000061
VALENCIANO;0,000061
COMINO;0,000061
BARBER;0,000061
GALLART;0,000061
DOMENE;0,000061
ALLENDE;0,000061
TENDERO;0,000061
OLLE;0,000061
PARES;0,000061
BOCANEGRA;0,000061
CUBILLO;0,000061
ROJANO;0,000061
FORTUNY;0,000061
GARIJO;0,000061
BARQUIN;0,000061
ARRIZABALAGA;0,000061
ANTONIO;0,000061
BENET;0,000061
EZQUERRO;0,000061
ESTRUCH;0,000061
PIMENTEL;0,000061
HERRADOR;0,000061
GAY;0,000061
ADRIAN;0,000061
GRAS;0,000060
GAMIZ;0,000060
DOLZ;0,000060
RISCO;0,000060
ARTOLA;0,000060
PARIENTE;0,000060
ISLA;0,000060
MENDIETA;0,000060
PIRIS;0,000060
PINTOS;0,000060
CASTELLON;0,000060
MOZO;0,000060
CABANES;0,000060
RENDON;0,000060
RECUERO;0,000060
SALGUEIRO;0,000060
LORITE;0,000060
MANCHON;0,000060
CANCELA;0,000060
BETHENCOURT;0,000060
MIÑANO;0,000059
MAYOL;0,000059
BAÑON;0,000059
MANRESA;0,000059
VAZ;0,000059
VERGES;0,000059
ORTI;0,000059
QUERALT;0,000059
ESCALERA;0,000059
BUZON;0,000059
ESQUINAS;0,000059
MORATALLA;0,000059
LEMOS;0,000059
IGUAL;0,000059
VILLALONGA;0,000059
MATESANZ;0,000059
PLANELLS;0,000059
GAMARRA;0,000059
SAN EMETERIO;0,000059
CASELLAS;0,000059
BRIZ;0,000059
CARA;0,000059
CARNICERO;0,000059
NAVAJAS;0,000059
ARQUES;0,000059
DEL ALAMO;0,000059
OLIVEROS;0,000059
MELGAREJO;0,000059
SALVA;0,000059
BLESA;0,000059
BRU;0,000059
LOIS;0,000059
GUEDES;0,000059
CHINEA;0,000059
PEÑARANDA;0,000058
BELLVER;0,000058
CAPITAN;0,000058
LIMON;0,000058
MONTAÑA;0,000058
DE JESUS;0,000058
OLIVAN;0,000058
CHUECA;0,000058
LACALLE;0,000058
MANCHADO;0,000058
SARRIA;0,000058
BIELSA;0,000058
AGUILO;0,000058
MAURI;0,000058
COUSO;0,000058
ALDEA;0,000058
ALMENARA;0,000058
NAVA;0,000058
DE PRADO;0,000058
BELINCHON;0,000058
ELIZALDE;0,000058
GALARZA;0,000058
VILLEN;0,000058
FRESNO;0,000058
LAGARES;0,000058
JARQUE;0,000058
ARREDONDO;0,000058
BUSTILLO;0,000058
NUEZ;0,000058
BORRALLO;0,000058
BERNA;0,000058
ABARCA;0,000058
ISERN;0,000058
SANGUINO;0,000058
ROMA;0,000057
VIVAR;0,000057
OLIVAS;0,000057
MAÑEZ;0,000057
SARRION;0,000057
GIRONES;0,000057
ESPINOZA;0,000057
COMA;0,000057
VASCO;0,000057
AMATE;0,000057
CAPO;0,000057
ANGLADA;0,000057
FILGUEIRA;0,000057
MONTEJO;0,000057
MENOR;0,000057
MOHEDANO;0,000057
VIZUETE;0,000057
PARERA;0,000057
VIEDMA;0,000057
ARENCIBIA;0,000057
MASCARO;0,000057
CUELLO;0,000057
OSES;0,000057
BELLES;0,000057
LOMAS;0,000057
MINGORANCE;0,000057
DE LA PUENTE;0,000056
MORAGUES;0,000056
DE FRANCISCO;0,000056
ALEJANDRE;0,000056
IRIGOYEN;0,000056
GIRALT;0,000056
SUERO;0,000056
CERRILLO;0,000056
ARRIAGA;0,000056
BORONAT;0,000056
MARAÑON;0,000056
ANDREO;0,000056
LLERA;0,000056
ZAZO;0,000056
ALOS;0,000056
CAMPUZANO;0,000056
BERZOSA;0,000056
GAMBIN;0,000056
GARRO;0,000056
VECINO;0,000056
UGALDE;0,000056
ESCRIG;0,000056
ARANGO;0,000056
BACHILLER;0,000056
TINOCO;0,000056
DEL AGUILA;0,000056
AÑON;0,000056
MATUTE;0,000056
FERRANDIS;0,000056
FRUCTUOSO;0,000055
AUGUSTO;0,000055
ITURBE;0,000055
NAHARRO;0,000055
BAILON;0,000055
DONATE;0,000055
OLMEDA;0,000055
TRENADO;0,000055
ALAMEDA;0,000055
CHICHARRO;0,000055
OLLERO;0,000055
VILLALTA;0,000055
BENEYTO;0,000055
CASTAN;0,000055
TORRENTS;0,000055
TATO;0,000055
GORDON;0,000055
PARDOS;0,000055
SANTISTEBAN;0,000055
CASTAÑON;0,000055
ACEBES;0,000055
BUJAN;0,000055
BURILLO;0,000055
PADIAL;0,000055
DEL ROSARIO;0,000055
BARAJAS;0,000055
LAHUERTA;0,000055
MENACHO;0,000054
LAINEZ;0,000054
CERON;0,000054
FABREGA;0,000054
BERMUDO;0,000054
GUITART;0,000054
BONO;0,000054
ALTUNA;0,000054
PALAO;0,000054
PINAR;0,000054
MOLES;0,000054
FERIA;0,000054
GOIKOETXEA;0,000054
PI;0,000054
