GARCIA;0,06569
MARTINEZ;0,05368
LOPEZ;0,04448
SANCHEZ;0,04316
MARTIN;0,0416
PEREZ;0,03848
RODRIGUEZ;0,03527
GONZALEZ;0,03445
FERNANDEZ;0,0333
GOMEZ;0,01957
HERNANDEZ;0,01932
RUIZ;0,01784
NAVARRO;0,01439
BERNARD;0,0134
DIAZ;0,01233
GIMENEZ;0,01184
MORENO;0,01176
JIMENEZ;0,01167
SIMON;0,01126
MUÑOZ;0,01077
VIDAL;0,01061
PETIT;0,01061
MICHEL;0,01052
THOMAS;0,01052
DUBOIS;0,01028
ALVAREZ;0,01011
TORRES;0,00978
ROBERT;0,00954
DURAND;0,00896
MOREAU;0,0088
COHEN;0,00855
RICHARD;0,00855
SANTIAGO;0,00847
GIRARD;0,00822
ROUX;0,00814
LAURENT;0,00789
LEFEBVRE;0,00781
GUTIERREZ;0,00773
BONNET;0,00773
MARIN;0,00756
ANDRE;0,00756
RAMOS;0,00748
ORTIZ;0,00715
VINCENT;0,00707
DOMINGUEZ;0,00699
DUPONT;0,00699
LEROY;0,00699
PEREIRA;0,00691
SOLER;0,00674
PONS;0,00674
DA SILVA;0,00666
SERRANO;0,00658
ROMERO;0,00658
ROUSSEAU;0,00658
CANO;0,00641
MERCIER;0,00641
DAVID;0,00641
GUERIN;0,00641
CORTES;0,00633
CHEVALIER;0,00633
MOREL;0,00633
FAURE;0,00625
BLANC;0,00625
BERTRAND;0,00617
RAMIREZ;0,00608
ALONSO;0,00608
MORIN;0,006
DUVAL;0,00592
CLEMENT;0,00592
FABRE;0,00584
PERRIN;0,00584
NICOLAS;0,00575
FOURNIER;0,00567
ORTEGA;0,00559
GIL;0,00559
PIERRE;0,00559
BARBIER;0,00559
MOLINA;0,00551
GAUTIER;0,00551
FUENTES;0,00543
COSTA;0,00543
CASTILLO;0,00534
LEGRAND;0,00534
LAMBERT;0,00534
MULLER;0,00534
LEFEVRE;0,00534
GARNIER;0,00526
HENRY;0,00526
LUCAS;0,00526
CASTRO;0,00518
ARNAUD;0,00518
MEYER;0,00518
GAUTHIER;0,00518
BRUN;0,0051
ROBIN;0,00501
RUBIO;0,00493
MORALES;0,00477
ROCHE;0,00477
ROY;0,00477
BLANCHARD;0,00469
PHILIPPE;0,0046
MARIE;0,00452
ROGER;0,00452
MATHIEU;0,00452
LEVY;0,00444
PASTOR;0,00444
FONTAINE;0,00444
NOEL;0,00444
DUMONT;0,00436
MARCHAND;0,00436
PASCUAL;0,00428
MEUNIER;0,00428
SEGURA;0,00428
PARRA;0,00428
IGLESIAS;0,00419
MARQUES;0,00419
REY;0,00419
ROUSSEL;0,00419
RIVIERE;0,00411
BERTIN;0,00411
DOS SANTOS;0,00403
BENOIT;0,00403
FERRER;0,00395
VARGAS;0,00395
MASSON;0,00395
AUBERT;0,00395
RENARD;0,00395
AGUILAR;0,00386
BERGER;0,00386
MARTI;0,00378
LAPORTE;0,00378
CHARPENTIER;0,00378
MENARD;0,00378
POIRIER;0,00378
SUAREZ;0,0037
FLORES;0,0037
GIRAUD;0,0037
MEDINA;0,00362
FERREIRA;0,00362
LACROIX;0,00362
GAILLARD;0,00362
FLEURY;0,00362
RODRIGUES;0,00354
SAEZ;0,00354
JUAN;0,00354
GERARD;0,00354
BOYER;0,00354
DENIS;0,00354
DUPUY;0,00354
LECLERCQ;0,00354
LECOMTE;0,00354
SORIANO;0,00345
FRANCOIS;0,00345
JOLY;0,00345
LOUIS;0,00345
CARMONA;0,00337
BARON;0,00337
BOURGEOIS;0,00337
MENDEZ;0,00329
IBAÑEZ;0,00329
LEON;0,00329
REYNAUD;0,00329
MORA;0,00321
SANZ;0,00321
CRUZ;0,00321
RENAUD;0,00321
BOUVIER;0,00321
DA COSTA;0,00321
LECLERC;0,00321
OLIVIER;0,00321
BLANCO;0,00312
NUÑEZ;0,00312
PINTO;0,00312
LEMOINE;0,00312
LEROUX;0,00312
MOULIN;0,00312
SABATIER;0,00312
VAZQUEZ;0,00304
CAMPOS;0,00304
GUERRERO;0,00304
MAS;0,00304
JEAN;0,00304
CHAUVIN;0,00304
GEORGES;0,00304
MARTINS;0,00304
BOUCHER;0,00304
BOUCHET;0,00304
CHARLES;0,00304
DUMAS;0,00304
HAMON;0,00304
PICARD;0,00304
ROCA;0,00296
VICENTE;0,00296
SCHMITT;0,00296
GERMAIN;0,00296
MARTEL;0,00296
SEGUIN;0,00296
SILVA;0,00288
DELGADO;0,00288
LOZANO;0,00288
ARIAS;0,00288
AMADOR;0,00288
BAILLY;0,00288
BRUNET;0,00288
PERRIER;0,00288
HERRERA;0,0028
GARRIDO;0,0028
MARTY;0,0028
ROBLES;0,0028
FERNANDES;0,0028
BOUSQUET;0,0028
CARON;0,0028
JULIEN;0,0028
LEMAIRE;0,0028
CARRILLO;0,00271
MONTOYA;0,00271
SOTO;0,00271
HERVE;0,00271
PASCAL;0,00271
BARTHELEMY;0,00271
GUICHARD;0,00271
PERRET;0,00271
ETIENNE;0,00271
HUBERT;0,00271
HUET;0,00271
LE GALL;0,00271
LOPES;0,00271
RAYMOND;0,00271
RENAULT;0,00271
SALVADOR;0,00271
WEBER;0,00271
SANTOS;0,00263
ESPINOSA;0,00263
BLASCO;0,00263
DUFOUR;0,00263
GUILLOT;0,00263
JACQUES;0,00263
LE GOFF;0,00263
LEGER;0,00263
MALLET;0,00263
MARQUEZ;0,00263
ROLLAND;0,00263
GONCALVES;0,00255
ADAM;0,00255
VIVES;0,00255
ABADIE;0,00255
CORDIER;0,00255
DANIEL;0,00255
DESCHAMPS;0,00255
FRANÇOIS;0,00255
HUGUET;0,00255
JACOB;0,00255
LEMAITRE;0,00255
PICHON;0,00255
VERDIER;0,00255
MONTERO;0,00247
ALVES;0,00247
PAGES;0,00247
DE OLIVEIRA;0,00247
BARRE;0,00247
BOULANGER;0,00247
COLIN;0,00247
FORT;0,00247
PASQUET;0,00247
SCHNEIDER;0,00247
CALVO;0,00238
DIDIER;0,00238
ANTOINE;0,00238
BONNEAU;0,00238
BRUNEL;0,00238
LEJEUNE;0,00238
MAILLARD;0,00238
NGUYEN;0,00238
PELLETIER;0,00238
PERROT;0,00238
RAYNAUD;0,00238
BRAVO;0,0023
ROJAS;0,0023
BUISSON;0,0023
MARCO;0,0023
SALMON;0,0023
ALEXANDRE;0,0023
GOMES;0,0023
IMBERT;0,0023
KLEIN;0,0023
BALLESTER;0,00222
CARRASCO;0,00222
PADILLA;0,00222
RIBEIRO;0,00222
VEGA;0,00222
ROSSI;0,00222
VASQUEZ;0,00222
GONZALES;0,00222
CAMARA;0,00222
COLLET;0,00222
FELIX;0,00222
MAUREL;0,00222
MAURY;0,00222
SINTES;0,00222
MOYA;0,00214
BELTRAN;0,00214
MONTES;0,00214
SALAS;0,00214
GALLARDO;0,00214
MACHADO;0,00214
ALLARD;0,00214
AMAR;0,00214
FISCHER;0,00214
GILBERT;0,00214
HARDY;0,00214
LE ROUX;0,00214
LEBRUN;0,00214
LLORCA;0,00214
PRIETO;0,00214
PUJOL;0,00214
RIPOLL;0,00206
ROS;0,00206
GIMENO;0,00206
DUARTE;0,00206
NIETO;0,00206
ESTEVE;0,00206
ALBERT;0,00206
CARRE;0,00206
COLLADO;0,00206
COSTE;0,00206
DELMAS;0,00206
GODARD;0,00206
GUILLAUME;0,00206
HUMBERT;0,00206
JACQUET;0,00206
JOURDAN;0,00206
MACE;0,00206
PONCET;0,00206
PUIG;0,00206
ROCHER;0,00206
SALA;0,00206
SORIA;0,00206
TEXIER;0,00206
TOMAS;0,00206
FUSTER;0,00197
VALERO;0,00197
ROIG;0,00197
GRACIA;0,00197
TRUJILLO;0,00197
ANTON;0,00197
BOUTIN;0,00197
CARPENTIER;0,00197
COLLIN;0,00197
DEVAUX;0,00197
FERRE;0,00197
LAGARDE;0,00197
LASRY;0,00197
LAVAL;0,00197
LEBLANC;0,00197
MAURIN;0,00197
MERLE;0,00197
MILLET;0,00197
PINEAU;0,00197
VALETTE;0,00197
ROMAN;0,00189
RIERA;0,00189
FRANCO;0,00189
SERRA;0,00189
JOUBERT;0,00189
PARDO;0,00189
REYES;0,00189
BRIAND;0,00189
CAMACHO;0,00189
MIRALLES;0,00189
SEVILLA;0,00189
ANDRIEU;0,00189
BARTHE;0,00189
CARTIER;0,00189
CONTE;0,00189
COURTOIS;0,00189
COUSIN;0,00189
CUENCA;0,00189
FERRAND;0,00189
GAY;0,00189
JOVANOVICH;0,00189
JULLIEN;0,00189
LABORDE;0,00189
LACOMBE;0,00189
LAMY;0,00189
LE BIHAN;0,00189
LEGROS;0,00189
MATEU;0,00189
PASQUIER;0,00189
POULAIN;0,00189
QUESADA;0,00189
SASTRE;0,00189
SAUVAGE;0,00189
SERRE;0,00189
SOULIE;0,00189
TANGUY;0,00189
TOUSSAINT;0,00189
ZAMORA;0,00189
CABRERA;0,00181
MALDONADO;0,00181
CRESPO;0,00181
RIVERA;0,00181
DIEZ;0,00181
BENITEZ;0,00181
SANTAMARIA;0,00181
GUZMAN;0,00181
ALCARAZ;0,00181
ANDRIEUX;0,00181
ARENAS;0,00181
BOISSON;0,00181
CAMUS;0,00181
CHEVALLIER;0,00181
COULON;0,00181
FAVRE;0,00181
GILLES;0,00181
GUILLET;0,00181
GUILLON;0,00181
LACOSTE;0,00181
LE ROY;0,00181
LEPOUTRE;0,00181
MARCHAL;0,00181
MESTRE;0,00181
MONNIER;0,00181
PAUL;0,00181
RAMBAUD;0,00181
RICARD;0,00181
ROYER;0,00181
TESSIER;0,00181
AGUIRRE;0,00173
SOLA;0,00173
AZNAR;0,00173
HIDALGO;0,00173
VILA;0,00173
ABAD;0,00173
BASSET;0,00173
BENHAMOU;0,00173
BERTHET;0,00173
BODIN;0,00173
BRETON;0,00173
CHAUVET;0,00173
DAHAN;0,00173
DESCAMPS;0,00173
ESTEVES;0,00173
FIEVET;0,00173
GERVAIS;0,00173
GREGOIRE;0,00173
GUERRA;0,00173
GUIRAUD;0,00173
LACOUR;0,00173
LAINE;0,00173
LEDOUX;0,00173
MARECHAL;0,00173
MENDES;0,00173
MESSAOUDI;0,00173
PAGE;0,00173
PROVOST;0,00173
RIGAUD;0,00173
SAVARY;0,00173
VIARD;0,00173
VOISIN;0,00173
MARCOS;0,00164
BERMUDEZ;0,00164
NOGUERA;0,00164
VERA;0,00164
BUENO;0,00164
LOMBARD;0,00164
VALVERDE;0,00164
MACIA;0,00164
MAURICE;0,00164
RAMON;0,00164
ANDRES;0,00164
MURCIA;0,00164
APARICIO;0,00164
ARMAND;0,00164
BECKER;0,00164
BELLANGER;0,00164
CARLIER;0,00164
CHAPUIS;0,00164
FOUQUET;0,00164
GALINDO;0,00164
GAUDIN;0,00164
GUYOT;0,00164
LABBE;0,00164
LE GAL;0,00164
MAHE;0,00164
PARENT;0,00164
PRAT;0,00164
PREVOST;0,00164
QUINTANA;0,00164
SILVESTRE;0,00164
VASSEUR;0,00164
VILLA;0,00164
DIAS;0,00156
TEIXEIRA;0,00156
ANDREU;0,00156
DURAN;0,00156
ALARCON;0,00156
AUBRY;0,00156
BASTIDE;0,00156
BERTHIER;0,00156
BIGOT;0,00156
MULLER;0,07141
SCHMIDT;0,05917
SCHNEIDER;0,03266
FISCHER;0,03159
WEBER;0,02783
MEYER;0,02783
BECKER;0,02667
SCHULZ;0,02499
HOFFMANN;0,02387
WAGNER;0,02159
RICHTER;0,01823
SCHAFER;0,01742
KOCH;0,01712
KLEIN;0,01676
WOLF;0,0163
NEUMANN;0,0162
LANGE;0,01559
SCHMITZ;0,01544
SCHRODER;0,01483
BRAUN;0,01463
BAUER;0,01422
SCHWARZ;0,01382
WERNER;0,01366
SCHMITT;0,01326
KRUGER;0,01295
HARTMANN;0,01244
KAISER;0,01229
ZIMMERMANN;0,01189
SCHULZE;0,01183
LEHMANN;0,01117
KRAUSE;0,01117
WEISS;0,01097
KRAMER;0,01087
KOHLER;0,01067
HOFMANN;0,01036
WALTER;0,01021
HERRMANN;0,01016
PETERS;0,01006
SCHMID;0,00996
MAYER;0,0095
BERGER;0,0094
KONIG;0,00924
SIMON;0,00919
JUNG;0,00914
SCHOLZ;0,00904
MEIER;0,00894
MAIER;0,00894
SCHUMACHER;0,00879
KUHN;0,00869
WINKLER;0,00863
VOGEL;0,00848
LANG;0,00848
BAUMANN;0,00848
FUCHS;0,00843
RODRIGUEZ;0,00838
MUELLER;0,00833
MARTIN;0,00818
HUBER;0,00813
FRIEDRICH;0,00792
FRANK;0,00777
MOLLER;0,00767
KELLER;0,00762
GUNTHER;0,00757
ROTH;0,00757
GARCIA;0,00752
BRANDT;0,00747
HAHN;0,00742
BECK;0,00721
SCHUBERT;0,00721
LORENZ;0,00701
JANSEN;0,00696
VOGT;0,0067
GRAF;0,00665
SCHUSTER;0,0066
ALBRECHT;0,00645
THOMAS;0,00645
LOPEZ;0,0064
FRANKE;0,0064
LINDNER;0,0063
SCHULTE;0,00625
OTTO;0,00625
GONZALEZ;0,00599
WINTER;0,00599
HAAS;0,00594
BEYER;0,00589
BERGMANN;0,00589
STEIN;0,00589
ENGEL;0,00584
HEINRICH;0,00584
SCHAEFER;0,00584
GROSS;0,00579
WOLFF;0,00579
BOHM;0,00574
PEREZ;0,00569
SCHROEDER;0,00569
FORSTER;0,00564
ARNOLD;0,00559
VOIGT;0,00559
SCHREIBER;0,00549
KRAUS;0,00538
LANGER;0,00538
LENZ;0,00528
OTT;0,00528
SOMMER;0,00523
LUDWIG;0,00523
ZIEGLER;0,00523
JAGER;0,00518
WILHELM;0,00508
BENDER;0,00508
PETER;0,00503
BARTH;0,00503
BUSCH;0,00498
SEIDEL;0,00498
KERN;0,00498
ERNST;0,00493
SCHILLING;0,00493
HEINZ;0,00488
HOPPE;0,00488
MOHR;0,00488
THIELE;0,00488
MARTINEZ;0,00483
GRIMM;0,00483
SCHUMANN;0,00483
PFEIFFER;0,00477
HERMANN;0,00477
REUTER;0,00477
ARNDT;0,00472
DIETRICH;0,00472
FRITZ;0,00472
RITTER;0,00472
FERNANDEZ;0,00467
NAGEL;0,00467
HANSEN;0,00462
WENZEL;0,00462
FRANZ;0,00462
KAUFMANN;0,00462
HESSE;0,00452
KRUSE;0,00452
SAUER;0,00447
BEHRENS;0,00447
SANDER;0,00447
JAHN;0,00447
VOSS;0,00447
RIEDEL;0,00442
JANSSEN;0,00437
MAURER;0,00437
WALTHER;0,00437
HESS;0,00432
FROHLICH;0,00432
KRAFT;0,00432
LUTZ;0,00432
DEUTSCH;0,00427
PETERSEN;0,00427
HORN;0,00427
FIEDLER;0,00422
PAUL;0,00422
ROSE;0,00417
SCHULTZ;0,00417
BOCK;0,00417
URBAN;0,00417
SEIFERT;0,00411
THIEL;0,00406
BECKMANN;0,00406
BERG;0,00406
MARX;0,00406
POHL;0,00406
PIEPER;0,00401
HAASE;0,00396
HUBNER;0,00386
SCHULER;0,00386
WITT;0,00381
DIAZ;0,00376
BREUER;0,00376
BRINKMANN;0,00376
JOHN;0,00376
NOWAK;0,00376
BAYER;0,00371
BUCHHOLZ;0,00371
FINK;0,00366
KUNZ;0,00366
AHRENS;0,00361
REINHARDT;0,00356
MENZEL;0,00356
SCHRAMM;0,00356
STEINER;0,00356
SANCHEZ;0,0035
ECKERT;0,0035
JAEGER;0,0035
KESSLER;0,0035
MARTENS;0,0035
WITTE;0,0035
HENKEL;0,00345
HOFER;0,00345
GOMEZ;0,0034
ADLER;0,0034
ACKERMANN;0,0034
HAMANN;0,0034
MICHEL;0,00335
REIMANN;0,00335
BAUM;0,00335
CONRAD;0,00335
GRUBER;0,00335
KUNZE;0,00335
SCHON;0,00335
SCHUTZ;0,00335
SIEBERT;0,00335
WENDT;0,00335
BURGER;0,0033
JACOB;0,0033
BRUNS;0,0033
ESSER;0,0033
GOTZ;0,0033
ULRICH;0,00325
WESTPHAL;0,00325
KREBS;0,00325
ROHDE;0,00325
SEITZ;0,00325
HENNING;0,0032
ADAM;0,0032
BLUM;0,0032
HILDEBRANDT;0,0032
HIRSCH;0,0032
PREUSS;0,0032
SCHENK;0,0032
HAMMER;0,00315
HEINZE;0,00315
LEMKE;0,00315
SCHRADER;0,00315
KORNER;0,0031
KURZ;0,0031
EHLERS;0,0031
FREITAG;0,0031
HELD;0,0031
KROLL;0,0031
MAY;0,0031
WIESE;0,0031
BINDER;0,00305
DIETZ;0,00305
MERTENS;0,00305
ALVAREZ;0,003
KLAUS;0,003
BACHMANN;0,003
CORDES;0,003
HARMS;0,003
HERZOG;0,003
KOSTER;0,003
STARK;0,003
UNGER;0,003
ZIMMER;0,00295
BISCHOFF;0,00295
BRENNER;0,00295
FREY;0,00295
KEIL;0,00295
RAU;0,00295
REICH;0,00295
RIEGER;0,00295
ROMER;0,00295
HERNANDEZ;0,0029
BEHRENDT;0,0029
RUDOLPH;0,0029
ULLRICH;0,0029
BUTTNER;0,00284
MOSER;0,00284
NAUMANN;0,00284
BRAND;0,00284
JORDAN;0,00284
KOHL;0,00284
NOLTE;0,00284
SCHWAB;0,00284
VETTER;0,00284
ZANDER;0,00284
BERNHARDT;0,00279
KOPP;0,00279
BAIER;0,00274
HALLER;0,00274
HELLER;0,00274
KREMER;0,00274
PAPE;0,00274
STRAUSS;0,00274
WEGNER;0,00274
DECKER;0,00269
FUHRMANN;0,00269
GEIGER;0,00269
MEISSNER;0,00269
NICKEL;0,00269
REICHERT;0,00269
BUSSE;0,00264
STAHL;0,00264
WILKE;0,00264
BERTRAM;0,00264
DREYER;0,00264
HAUSER;0,00264
HEIN;0,00264
KIRCHNER;0,00264
KIRSCH;0,00264
RUPP;0,00264
SCHNELL;0,00264
STEPHAN;0,00264
WOLTER;0,00264
BORCHERT;0,00259
CHRIST;0,00259
BOTTCHER;0,00254
KOEHLER;0,00254
MARQUARDT;0,00254
SCHERER;0,00254
SCHILLER;0,00254
SCHLUTER;0,00254
SINGH;0,00254
STEFFENS;0,00254
EBERT;0,00249
KLOSE;0,00249
BARTELS;0,00249
STURM;0,00249
THIEME;0,00249
UHLIG;0,00249
WAHL;0,00249
WIRTH;0,00249
HARTWIG;0,00244
DORING;0,00244
FRICKE;0,00244
GABRIEL;0,00244
GEYER;0,00244
LINK;0,00244
MOLL;0,00244
POHLMANN;0,00244
STEFFEN;0,00244
ZELLER;0,00244
BARTSCH;0,00239
BRUCKNER;0,00239
FUNKE;0,00239
GERLACH;0,00239
GOBEL;0,00239
GROSSMANN;0,00239
HAGEN;0,00239
MUNCH;0,00239
SCHINDLER;0,00239
WEISE;0,00239
GLASER;0,00234
KROGER;0,00234
VOLKER;0,00234
BACH;0,00234
HEINEMANN;0,00234
HENNIG;0,00234
HORSTMANN;0,00234
KUHNE;0,00234
LOHMANN;0,00234
BADER;0,00229
DRESCHER;0,00229
HAGEMANN;0,00229
LINDEMANN;0,00229
PIETSCH;0,00229
RAPP;0,00229
SCHROTER;0,00229
WEIS;0,00229
WETZEL;0,00229
BERNHARD;0,00223
BURKHARDT;0,00223
ENGELHARDT;0,00223
GOTTSCHALK;0,00223
HANKE;0,00223
HECK;0,00223
HEIM;0,00223
HENTSCHEL;0,00223
HINZ;0,00223
SCHLOSSER;0,00223
VOLLMER;0,00223
SCHADE;0,00218
BERNDT;0,00218
BEER;0,00218
BOEHM;0,00218
CREMER;0,00218
ERDMANN;0,00218
HECKER;0,00218
KOENIG;0,00218
KRAUSS;0,00218
KRUG;0,00218
NEUHAUS;0,00218
REINHARD;0,00218
STOCK;0,00218
WIEDEMANN;0,00218
WIRTZ;0,00218
HORST;0,00213
BAUMGARTNER;0,00213
BLOCK;0,00213
BRUNNER;0,00213
ECKARDT;0,00213
HAUPT;0,00213
HEISE;0,00213
JACOBS;0,00213
KUHLMANN;0,00213
KURTH;0,00213
MIELKE;0,00213
MOELLER;0,00213
OSWALD;0,00213
REINHOLD;0,00213
STRAUB;0,00213
WESTERMANN;0,00213
DREWS;0,00208
FINKE;0,00208
HERBST;0,00208
HEROLD;0,00208
HOHMANN;0,00208
KIEFER;0,00208
LINKE;0,00208
MILLER;0,00208
NEUBAUER;0,00208
REITER;0,00208
ROTHE;0,00208
SPRINGER;0,00208
STOLL;0,00208
WULF;0,00208
ALBERS;0,00203
BOHME;0,00203
FASSBENDER;0,00203
FAUST;0,00203
FREUND;0,00203
GIESE;0,00203
GOEBEL;0,00203
GREINER;0,00203
HEUER;0,00203
HINRICHS;0,00203
JANKE;0,00203
KOLB;0,00203
LAU;0,00203
MEISTER;0,00203
NIEMANN;0,00203
NOACK;0,00203
SCHULLER;0,00203
STROBEL;0,00203
TIMM;0,00203
BERTHOLD;0,00198
BODE;0,00198
DITTRICH;0,00198
FABER;0,00198
FUNK;0,00198
GEBAUER;0,00198
GERBER;0,00198
HAGEDORN;0,00198
HEINE;0,00198
KNOLL;0,00198
LOFFLER;0,00198
PROBST;0,00198
SEILER;0,00198
STOCKER;0,00198
THOMA;0,00198
WEIB;0,00198
WIELAND;0,00198
ZAHN;0,00198
BORNER;0,00193
ANDERS;0,00193
BAUR;0,00193
BITTNER;0,00193
BORN;0,00193
BURGHARDT;0,00193
BUSCHMANN;0,00193
EBERHARDT;0,00193
ENGELMANN;0,00193
FRITSCH;0,00193
GARTNER;0,00193
JOST;0,00193
JURGENS;0,00193
KNORR;0,00193
KRIEGER;0,00193
KUNKEL;0,00193
LOHR;0,00193
MERZ;0,00193
NEUGEBAUER;0,00193
PHILIPP;0,00193
ROHR;0,00193
SCHEFFLER;0,00193
SEEMANN;0,00193
HENKE;0,00188
BOSCH;0,00188
EGGERT;0,00188
GRUNEWALD;0,00188
HEIL;0,00188
HUTH;0,00188
KORN;0,00188
KUHL;0,00188
PFEIFER;0,00188
PUTZ;0,00188
RAUCH;0,00188
REINKE;0,00188
RENNER;0,00188
SCHLEGEL;0,00188
WILD;0,00188
JAKOB;0,00183
BAHR;0,00183
BREMER;0,00183
BUHLER;0,00183
CRAMER;0,00183
ENGELS;0,00183
GRUND;0,00183
KONRAD;0,00183
ROSNER;0,00183
ROTHER;0,00183
WITTIG;0,00183
RUIZ;0,00178
STEINBACH;0,00178
ALBERT;0,00178
SMITH;0,11727
JONES;0,07844
TAYLOR;0,06034
WILLIAMS;0,05934
BROWN;0,05278
DAVIES;0,04024
WILSON;0,0375
JOHNSON;0,03235
EVANS;0,03214
ROBERTS;0,03189
THOMPSON;0,03124
WALKER;0,03099
WRIGHT;0,03008
THOMAS;0,02991
ROBINSON;0,02956
WHITE;0,0283
GREEN;0,02692
HARRIS;0,02674
HALL;0,02667
WOOD;0,02599
EDWARDS;0,02586
MARTIN;0,02506
TURNER;0,02491
CLARKE;0,02418
MOORE;0,02385
LEWIS;0,02373
CLARK;0,02365
JACKSON;0,02365
COOPER;0,02312
SCOTT;0,0228
KING;0,0228
HILL;0,02267
HUGHES;0,02252
HARRISON;0,02176
WARD;0,02166
MORRIS;0,02058
BAKER;0,01978
MITCHELL;0,01948
LEE;0,01948
WATSON;0,01928
ALLEN;0,01908
DAVIS;0,01867
PARKER;0,0181
YOUNG;0,01807
PHILLIPS;0,01762
MORGAN;0,01749
JAMES;0,01739
BENNETT;0,01709
COLLINS;0,01681
SHAW;0,01666
ANDERSON;0,01619
MILLER;0,01596
RICHARDSON;0,01593
KELLY;0,01593
COOK;0,01581
SIMPSON;0,01561
ELLIS;0,01543
CARTER;0,01533
STEWART;0,01531
MURPHY;0,01523
COX;0,0151
MARSHALL;0,01508
BAILEY;0,01435
BELL;0,01422
PRICE;0,01397
CAMPBELL;0,01392
ROGERS;0,01385
CHAPMAN;0,0138
FOSTER;0,01375
ADAMS;0,01345
WEBB;0,0133
WILKINSON;0,01284
MATTHEWS;0,01257
GRIFFITHS;0,01254
MURRAY;0,01247
RUSSELL;0,01216
GRAY;0,01206
RICHARDS;0,01196
KNIGHT;0,01184
PALMER;0,01146
BARKER;0,01144
MILLS;0,01123
HOLMES;0,01113
GRAHAM;0,01111
HARVEY;0,01111
MASON;0,01106
HUNT;0,01091
FISHER;0,01076
HOWARD;0,01068
PEARSON;0,01063
BARNES;0,01058
ROBERTSON;0,01058
ATKINSON;0,01056
POWELL;0,01053
SPENCER;0,01038
SAUNDERS;0,0103
GRANT;0,01013
ELLIOTT;0,0101
FLETCHER;0,0101
GIBSON;0,0101
STEVENS;0,00995
DIXON;0,0099
LLOYD;0,00985
BUTLER;0,00983
BRADLEY;0,00973
REYNOLDS;0,00968
REID;0,00965
ANDREWS;0,00965
BURTON;0,00953
WEST;0,00953
DAY;0,00953
PAYNE;0,00942
ROSS;0,00937
JENKINS;0,00937
LAWRENCE;0,0092
OLIVER;0,0092
FORD;0,0091
FOX;0,00905
DAWSON;0,00902
OWEN;0,00892
BROOKS;0,00885
HENDERSON;0,0088
ARMSTRONG;0,00872
HART;0,00857
WALSH;0,00857
PEARCE;0,00847
THOMSON;0,00842
BURGESS;0,00839
WILLIAMSON;0,00834
PERRY;0,00829
COLE;0,00829
KENNEDY;0,00827
HUNTER;0,00824
WATTS;0,00817
ROSE;0,00809
JOHNSTON;0,00809
BOOTH;0,00809
NEWMAN;0,00802
RILEY;0,00799
HAYES;0,00797
WOODS;0,00779
WALLACE;0,00769
BALL;0,00764
DUNN;0,00759
O'BRIEN;0,00756
BERRY;0,00749
WEBSTER;0,00741
MARSH;0,00741
MACDONALD;0,00736
DEAN;0,00724
HARDING;0,00724
GILL;0,00716
PAGE;0,00716
HAMILTON;0,00714
LOWE;0,00714
BARRETT;0,00704
LONG;0,00701
CHAMBERS;0,00696
NEWTON;0,00696
SUTTON;0,00681
BURNS;0,00679
PORTER;0,00676
HAWKINS;0,00674
WELLS;0,00671
GREGORY;0,00666
PARSONS;0,00663
FREEMAN;0,00663
SHARP;0,00658
HOLLAND;0,00651
WARREN;0,00648
GORDON;0,00646
LANE;0,00646
FRANCIS;0,00646
NICHOLLS;0,00643
COOKE;0,00643
HEWITT;0,00643
COLEMAN;0,00641
CARR;0,00638
STONE;0,00638
REED;0,00636
HUDSON;0,00631
RYAN;0,00628
MILES;0,00626
BATES;0,00623
HUTCHINSON;0,00623
BIRD;0,00616
O'NEILL;0,00613
CROSS;0,00608
BISHOP;0,00603
LAMBERT;0,00603
JORDAN;0,00601
DOUGLAS;0,00596
NICHOLSON;0,00593
HIGGINS;0,00593
WALTON;0,00593
YATES;0,00591
BYRNE;0,00591
MCDONALD;0,00591
GREENWOOD;0,00588
FRASER;0,00588
STEVENSON;0,00588
BARBER;0,00583
POOLE;0,00583
SHEPHERD;0,00583
CURTIS;0,00578
DOYLE;0,00578
GARDNER;0,00578
NELSON;0,00573
GARCIA;0,00571
PARRY;0,00571
MOSS;0,00571
MANN;0,00563
BARTON;0,0056
HARPER;0,0056
DAVIDSON;0,0056
ROWE;0,00558
HARDY;0,00555
HOLT;0,00555
ROBSON;0,00553
SLATER;0,0055
MORRISON;0,0055
KERR;0,00548
NASH;0,00548
WILLIS;0,00548
HARTLEY;0,00545
ARNOLD;0,00543
FROST;0,00543
MAY;0,0054
MCCARTHY;0,00538
CUNNINGHAM;0,00535
WHEELER;0,00535
POTTER;0,00533
WHITEHEAD;0,00533
HEATH;0,0053
FOWLER;0,00525
CARROLL;0,00523
BLACK;0,0052
REES;0,0052
HOPKINS;0,00518
RHODES;0,00518
KNOWLES;0,00515
CAMERON;0,0051
READ;0,0051
STEPHENSON;0,0051
WATKINS;0,0051
FERGUSON;0,00508
BAXTER;0,00505
LAWSON;0,00505
QUINN;0,00503
BUCKLEY;0,00503
GRIFFIN;0,00503
AUSTIN;0,005
BANKS;0,005
BARNETT;0,00498
FRENCH;0,00498
BURKE;0,00495
HAYWARD;0,00495
WARNER;0,00493
ALEXANDER;0,0049
PETERS;0,0049
STEPHENS;0,00485
RODRIGUEZ;0,00483
DUNCAN;0,00483
DALE;0,00483
BARLOW;0,0048
PRITCHARD;0,0048
WALTERS;0,0048
WOODWARD;0,0048
WESTON;0,00478
PATERSON;0,00475
OSBORNE;0,00472
PARKINSON;0,00472
CLAYTON;0,0047
KAY;0,00467
JENNINGS;0,00465
GILBERT;0,00465
BIRCH;0,00462
HODGSON;0,00462
GOODWIN;0,0046
LYNCH;0,00457
NOBLE;0,00457
ASHTON;0,00457
BUTCHER;0,00457
GEORGE;0,00455
SKINNER;0,00455
MIDDLETON;0,00452
FIELD;0,0045
DICKINSON;0,00447
JARVIS;0,00447
HAMMOND;0,00442
BENTLEY;0,00442
BULL;0,00442
PRESTON;0,00442
THORNTON;0,00442
BRIGGS;0,0044
BLAKE;0,00437
MORTON;0,00435
NORMAN;0,00435
MORLEY;0,00435
SULLIVAN;0,00435
KEMP;0,00432
KIRK;0,00432
NORRIS;0,00432
O'CONNOR;0,0043
ALLAN;0,0043
DANIELS;0,00427
ATKINS;0,00427
SANDERS;0,00427
WHITTAKER;0,00427
BALDWIN;0,00425
BOND;0,00425
DAVEY;0,00425
LUCAS;0,00425
GALLAGHER;0,0042
PATTERSON;0,0042
SYKES;0,0042
GONZALEZ;0,00417
MARTINEZ;0,00417
SCHOFIELD;0,00417
SIMMONS;0,00417
STANLEY;0,00417
TOMLINSON;0,00417
TODD;0,00412
BARTLETT;0,00412
BOYLE;0,00412
HAYNES;0,0041
HOLDEN;0,0041
KIRBY;0,0041
LEACH;0,0041
GOULD;0,00407
REEVES;0,00407
STOKES;0,00407
PEREZ;0,00405
ABBOTT;0,00405
GODDARD;0,00405
TOWNSEND;0,00405
DODD;0,004
BRYANT;0,00397
CRAIG;0,00395
TUCKER;0,00395
GIBBS;0,00392
WADE;0,00392
CHANDLER;0,0039
VINCENT;0,0039
SINCLAIR;0,00387
WATERS;0,00387
DENNIS;0,00387
GLOVER;0,00387
MACKENZIE;0,00382
FAULKNER;0,00379
SMART;0,00379
CRAWFORD;0,00379
THORPE;0,00379
LITTLE;0,00377
BRADSHAW;0,00377
DOBSON;0,00377
HUMPHREYS;0,00377
WILKINS;0,00377
FINCH;0,00374
WELCH;0,00374
HOWE;0,00372
BRUCE;0,00372
BURROWS;0,00372
CONNOLLY;0,00372
NAYLOR;0,00372
FERNANDEZ;0,00369
COATES;0,00369
GODFREY;0,00369
VAUGHAN;0,00367
HOBBS;0,00367
LAMB;0,00367
PERKINS;0,00364
RANDALL;0,00364
DUFFY;0,00362
FLYNN;0,00362
SANDERSON;0,00362
WALL;0,00362
CHAMBERLAIN;0,00357
FLEMING;0,00357
BARRY;0,00354
BOWEN;0,00354
MANNING;0,00352
GIBBONS;0,00349
GOUGH;0,00349
MORAN;0,00349
HANCOCK;0,00347
HOUGHTON;0,00347
BRENNAN;0,00344
FARRELL;0,00344
LEES;0,00344
MCLEAN;0,00344
HORTON;0,00342
WYATT;0,00339
GALE;0,00339
KENT;0,00337
INGRAM;0,00337
BOLTON;0,00334
BRADY;0,00334
GOODMAN;0,00334
HICKS;0,00334
LAW;0,00334
GARDINER;0,00332
ARCHER;0,00332
HANSON;0,00332
HERBERT;0,00332
LORD;0,00332
FARMER;0,00329
GILES;0,00329
HORNE;0,00329
SHEPPARD;0,00329
STEELE;0,00329
TALBOT;0,00329
SHORT;0,00327
BROOKES;0,00327
COLES;0,00327
WINTER;0,00327
BROWNE;0,00324
HOOPER;0,00324
PARKES;0,00324
LOPEZ;0,00322
CONNOR;0,00322
DOHERTY;0,00322
FITZGERALD;0,00322
HOLLOWAY;0,00322
JOYCE;0,00322
O'SULLIVAN;0,00322
PATEL;0,00322
FRANKLIN;0,00319
CHARLES;0,00319
BLACKBURN;0,00319
NORTH;0,00317
PICKERING;0,00317
DAVISON;0,00314
HURST;0,00314
MCKENNA;0,00314
MYERS;0,00314
SIMS;0,00314
STUART;0,00312
CARTWRIGHT;0,00312
FULLER;0,00312
METCALFE;0,00312
PRATT;0,00312
SAVAGE;0,00312
BUSH;0,00309
COLLIER;0,00309
HENRY;0,00309
BOYD;0,00307
JOHNSTONE;0,00307
PEACOCK;0,00307
STACEY;0,00307
SANCHEZ;0,00304
CAREY;0,00304
HOPE;0,00304
LEIGH;0,00304
LYONS;0,00304
SPENCE;0,00304
SUTHERLAND;0,00304
DALY;0,00302
HIRST;0,00302
BENSON;0,00299
HYDE;0,00297
CARPENTER;0,00297
CLEMENTS;0,00297
CLIFFORD;0,00297
CULLEN;0,00297
HILLS;0,00297
HOGG;0,00297
HOWARTH;0,00297
WILLS;0,00297
LINDSAY;0,00294
LISTER;0,00294
NORTON;0,00294
DAVENPORT;0,00292
NOLAN;0,00292
SWIFT;0,00292
FORSTER;0,00289
REILLY;0,00289
WALLIS;0,00289
CONWAY;0,00287
MCKENZIE;0,00287
POWER;0,00287
SHARPE;0,00287
STOREY;0,00287
SUMMERS;0,00287
GOMEZ;0,00284
BETTS;0,00284
CHADWICK;0,00284
CRANE;0,00284
HARRINGTON;0,00284
HOWELL;0,00284
SADLER;0,00284
DYER;0,00281
MARSDEN;0,00281
MCLAUGHLIN;0,00281
MOODY;0,00281
POPE;0,00281
CROOK;0,00279
MELLOR;0,00279
REEVE;0,00279
TYLER;0,00279
